ID,Titre,Cuistot,Type,Tags,Commentaires,Temps,Ingrédients,Recette,Images,Miniature
tiramisu,Tiramisu,Ilia,Dessert,"Végétarien, Kiffeur, Gâteau, Froid, Chocolat, Café, Italie",Très bon tiramisu. Le dessert préféré d'Elio !,45 minutes,"5 oeufs
135g de cassonade
Vanille
500g de mascarpone
40 biscuits thé
200g de chocolat
Caco en poudre
50cl de café","Battre les 5 jaunes avec les 135g de cassonade. Ajouter la vanille.

Monter les 5 blancs en neige. Ensuite, incorporer doucement la préparation aux blancs.

Faire le café et attendre qu'il refroidisse.

Monter le gâteau: alterner couche de crème (0,5cm) et couche de biscuits trempés dans le café (laisser les biscuits environ 5 secondes). Raper du chocolat à chaque couche de crème. Commencer et finir par une couche de crème.

Laisser reposer une nuit au frigo.","img/tiramisu-1.jpg, img/tiramisu-2.jpg",img/tiramisu-1_mini.jpg
tarte-abricots-pommes,Tarte Pommes-Abricots,Maxence,Dessert,"Végétarien, Tarte, Sans gluten, Léger, Goûter, Facile, Fruits, Été","Très bonne et assez facile à faire. Tarte très sympa en été ou quand il fait beau !
Peut aussi être réalisée en tartelettes individuelles en faisant des petits ronds et en les repliant en triangle sur un oreillon.",1 heure,"# Compote de pommes
1 pâte feuilletée
6 pommes
250g d'abricots en boîte (optionnel)
Beurre
Cannelle
Cassonade
# Tarte
1 pâte feuilletée
450g d'oreillons d'abricots en boîte","# Préparer la compote

Faire fondre les 6 pommes (et 250g d'abricots) à feu doux dans une grande poêle en couvrant, en ajoutant un peu d'eau et éventuellement du sirop des conserves d'abricots. Ajouter de la cannelle, cassonade, beurre, et épices selon ses préférences.

Quand les fruits s'écrasent facilement, retirer le couvercle et laisser l'eau s'évaporer.

Quand la compote n'est plus trop liquide, mixer la compote au mixeur plongeant (on peut laisser des petits morceaux de fruits pour la texture).

# Montage de la tarte

Préchauffer le four à 180°C. Étaler la pâte et ajouter la base de compote.

Ajouter les 450g d'oreillons d'abricots. On peut ajouter du jaune d'oeuf au pinceau sur la pâte pour qu'elle dore bien au four.

Mettre au four pendant 40 minutes (retirer quand les oreillons commencent à noircir).
","img/tarte-abricots-1.jpg, img/tarte-abricots-2.jpg, img/tarte-abricots-3.jpg",img/tarte-abricots-1_mini.jpg
tarte-lemon-curd,Tarte au Citron,Maxence,Dessert,"Tarte, Sans gluten, Froid, Végétarien, Fruits",Tarte citronnée très citronnée vraiment très citronnée. Elle est citronnée.,1h15,"# Pâte sablée citronnée
165g de farine
70g de sucre
150g de beurre demi-sel
2 zestes de citron
# Crème au citron
225g d'oeufs
165g de jaunes (~9-10 jaunes)
260g de sucre
400g de jus de citron
4 zestes de citron","# Pâte sablée citronnée

Mettre le beurre demi-sel, le sucre et la farine dans un bol avec le zeste de citron, et mélanger du bout des doigts pour faire une pâte sablée homogène.

Cuire environ 30 minutes à 180°C dans un moule de 22cm de diamètre. On peut enlever quand la pâte commencer à dorer. Même si elle ne paraît pas cuite, elle va durcir en refroidissant.

# Crème au citron

Mélanger au fouet les oeufs et les jaunes dans une casserole avec le sucre jusqu'à avoir un tout homogène.

Ajouter le zeste des 4 citrons et mélanger.

Presser et ajouter ensuite le jus de citron. Faire préchauffer le four à 175°C.

Faire chauffer la crème à feux doux pour amener la température à 77°C, où jusqu'à ce que la crème ait presque une consistance de crème pâtissière. Mélanger en permanence pendant la cuisson.

Verser sur la pâte à travers un tamis pour filtrer le zeste et obtenir une crème très lisse.

Couvrir d'une feuille d'aluminium et faire cuire 12 minutes à 175°C.

Mettre au frais 3h. On peut ensuite recouvrir de sucre glace pour décorer (plutôt juste avant de servir, autrement le sucre peut s'incorporer à la crème).","img/tarte-citron-01.jpg, img/tarte-citron-02.jpg, img/tarte-citron-03.jpg",img/tarte-citron-01_mini.jpg
tarte-fraises-citron-basilic,Tarte Fraises Citron Basilic,Maxence,Dessert,"Végétarien, Kiffeur, Anniversaire, Tarte, Bretagne, Compliqué, Fruits, Été",Groooooosse tarte très bonne. Faut mettre plein de basilic sinon on le sent pas. Quand je l'ai faite Méliné l'a même pas goûtée ma vie de oim j'ai toujours le seum pourquoi ma ptite soeur elle m'aime pas ?,1h45,"Fraises
Palis breton
Crème basilic
Crème citron
Jsp","Lorem ipsum

Jme souviens plus de la recette

je fais ça un de ces jours","img/tarte-fraises-citron-basilic-1.jpg, img/tarte-fraises-citron-basilic-2.jpg, img/tarte-fraises-citron-basilic-3.jpg",img/tarte-fraises-citron-basilic-1_mini.jpg
scofa-fruits-rouges,Scofa aux fruits rouges,Maxence,Dessert,"Kiffeur, Anniversaire, Gâteau, Froid, Compliqué, Fruits, France",Plus ou moins le gâteau de picard. Mais pas tout à fait. Les rageux diront que c'est pas du tout le même et qu'il est vachement plus lourd. Moi jdis c'est mieux comme ça. Au moins on est originaux ici.,3h15,"# Gâteau aux amandes
210g de blancs d'oeufs
150g de sucre
120g d'amandes en poudre
70g de farine
75g de sucre glace
75g de lait
# Crème au beurre
300g de fruits rouges
8 jaunes d'oeufs
250g de sucre
300g de beurre pommade
# Coulis de fruits rouges
600g de fruits rouges
3 c.a.s de cassonade
3 c.a.s de jus de citron
5 feuilles de gélatine","# Préparer le coulis de fruits rouges

Mettre les 600g de fruits dans une casserole. Ajouter le sucre et le jus de citron, puis mélanger. Faire ensuite chauffer à feu doux jusqu'à ce que les fruits rendent leur eau.

Une fois que les fruits sont prêts, sortir du feu et mixer, puis passer au tamis pour retirer les pépins.

Remettre dans la casserole, puis faire réduire à feu moyen.

Tremper les 5 feuilles gélatine pour les ramollir, puis les égoutter. Retirer le coulis du feu puis y ajouter les feuilles de gélatine et mélanger. 

# Préparer la crème au beurre

Séparer les blancs des jaunes. Réserver les blancs pour le gâteau et mettre les jaunes dans un saladier. Battre les jaunes une minute.

Mettre les 250g de sucre dans une casserole, recouvrir d'eau et faire cuire à feu moyen jusqu'à 121°C (ou : quand on plonge une fourchette dedans et qu'on la ressort, il faut qu'il y ait des filaments).

Dès que le sucre est cuit, le verser doucement dans les jaunes en faisant couler sur la paroi du bol, tout en battant. Battre jusqu'à refroidissement de la préparation.

Incorporer petit à petit les 300g de beurre pommade préalablement coupés en petits morceaux.

Une fois que la préparation est homogène, incorporer les fruits et réserver. 

# Préparer le gâteau

Préchauffez le four à 140°C. Mettre les 70g de farine, les 120g de poudre d'amandes, les 75g de sucre glace et les 75g de lait dans un saladier, et mélanger à la cuillère.

Dans un autre saladier, monter les 210g de blancs d'oeufs en neige, puis ajouter le sucre pour les raffermir. Battre encore 1 minutes. Incorporer ensuite une partie des blancs dans le mélange précédent à la maryse. Une fois que le mélange est homogène, incorporer le reste.

Mettre la pâte dans une poche à douille, puis étaler sur une plaque de cuisson (30 × 40cm) recouverte de papier sulfurisé.

Mettre au four pendant 40 minutes.

Une fois la pâte cuite, sortir du four et laisser refroidir complètement sur une grille à pâtisserie.

# Montage

Une fois que la pâte a refroidi, couper en deux, puis étaler la le coulis de fruits rouge sur une des moitiés.

Étaler la crème au beurre par dessus la couche de coulis. 

Poser la deuxième couche de gâteau par dessus la crème, puis mettre au frais. Juste avant de servir, saupoudrer de sucre glace.","img/sfofa-1.jpg, img/sfofa-2.jpg, img/sfofa-3.jpg",img/sfofa-2_mini.jpg
gigot-7-heures-ottolenghi,Gigot de 7 heures d'Ottolenghi,Kaki,Plat,"Anniversaire, Viande, Légumes, Chaud, Moyen-Orient",A FAIRE,1 heure,"# Marinade
2 citrons bio
6 gousses d'ail
1 c.a.s. de paprika
½ c.a.c. de graines de fenugrec
2 c.a.c. de cumin en poudre
25g de menthe fraîche
15g de coriandre draîche
3 c.a.s. d'huile d'olive
# Agneau
1 épaule d'agneau (2kg)
1 céleri-rave (850g)
5 grosses carottes (600g)
2 têtes d'ail
Sel/Poivre","# Marinade

Laver les citrons, prélever 1 c.a.s. de zeste et 5 c.a.s. de jus.

Mixer le zeste et le jus de citron avec les herbes, l'ail, le paprika, les graines de fenugrec légèrement concassées, le cumin, l'huile d'olive, 1,5 c.a.c. de sel et une bonne dose de poivre jusqu'à obtenir une marinade, puis réserver.

# Préparation de l'agneau

Déposer l'épaule d'agneau dans un saladier et piquer environ 30 fois avec un petit couteau pointu. Verser la marinade sur la viande et masser pour faire pénétrer dans les incisions.

Filmer et laisser mariner une nuit (au minimum 4 heures).

Préchauffer le four à 170°C. Peler et couper en quartiers de 3 cm de large le céleri-rave. Éplucher et couper en deux dans le sens de la largeur les carottes. Couper les têtes d'ail en deux dans le sens de la largeur.

Déposer l'épaule d'agneau dans un grand plat avec la marinade et 500mL d'eau. Couvrir hermétiquement de papier aluminium et enfourner pour 1 heure.

Baisser la température à 160°C, ajouter les légume (ail : partie coupée vers le haut) et laisser confire 5 heures en arrosant la viande et les légumes trois ou quatre fois au cours de la cuisson. Bien refermer le plat avec le papier aluminium à chaque fois.

Retirer l'aluminium et laisser dorer 30 minutes. En fin de cuisson, les légumes doivent être caramélisés et la viande doit se détacer de l'os sans efforts.","img/gigot-7-heures-1.jpg, img/gigot-7-heures-2.jpg, img/gigot-7-heures-3.jpg",img/gigot-7-heures-3_mini.jpg
roules-saumon,Roulés au saumon,Nadja,Entrée,"Apéro, Poisson, Léger, Froid, Facile, Fromage","Grave bon, grave simple, grave rapide.",30 minutes,"10 crêpes (ou tortillas)
400g de fromage ail et fines herbes
200g de mascarpone
300g de saumon fumé en tranches
Aneth","Mélanger le mascarpone et le fromage ail et fines herbes. Ajouter l'aneth.

Étaler le fromage sur l'ensemble de la crêpe. Ajouter des tranches de saumon pour recouvrir la moitié de la crêpe.

Rouler, puis couper en bouchées individuelles.

Conserver au frais.",,
samossa-saumon,INC/Samossas au saumon,Nadja,Entrée,"Apéro, Poisson, Léger, Moyen-Orient",A FAIRE,1 heure,A FAIRE,A FAIRE,"img/samossa-1.jpg, img/samossa-2.jpg, img/samossa-3.jpg",img/samossa-1_mini.jpg
boulettes-viande-moutarde,INC/Boulettes de viande & sauce à la moutarde,Méliné,Plat,"Viande, Chaud, Légumes",A FAIRE,1 heure,A FAIRE,A FAIRE,"img/boulettes-viande-1.jpg, img/boulettes-viande-2.jpg, img/boulettes-viande-3.jpg",img/boulettes-viande-2_mini.jpg
gateau-pommes-ancienne,Gâteau aux pommes à l'ancienne,Maxence,Dessert,"Végétarien, Gâteau, Goûter, Réconfortant, Facile, Fruits","Fait avec amour, gentillesse, passion, et les restes du fond du placard. Ptit tips, retirer les asticots des pommes c'est meilleur. Mais sinon réconfortant de ouf.",30 minutes,"100g de beurre mou
100g de sucre
200g de farine
1 sachet de levure chimique
4 oeufs
5 pommes (moyennes-grandes)
Extrait de vanille liquide","Ramollir les 100g de beurre en pommade et mélanger aux 100g de sucre et à la vanille.

Ajouter les oeufs battus. Incorporer ensuite la farine et la levure mélangées. Bien fouetter pour éviter les grumeaux.

Éplucher et couper les pommes en petits morceaux, puis les ajouter à la préparation.

Verser la préparation dans un moule beurré ou tapissé de papier cuisson, d'environ 24cm de diamètre.

Faire cuire 30 à 40 minutes à 180°C, puis déguster tiède ou froid.","img/gateau-pommes-1.jpg, img/gateau-pommes-2.jpg, img/gateau-pommes-3.jpg",img/gateau-pommes-2_mini.jpg
tarte-oignons,Tarte tatin aux oignons,Kaki,Plat,"Végétarien, Tarte, Légumes, Chaud, Fromage",A FAIRE,30 minutes,"6 oignons
Chèvre
1 pâte feuilletée
Beurre/Huile d'olive
2 c.a.s de sucre
4 c.a.s de vinaigre balsamique
Thym","Préparer une poêle de la taille de la tarte en retirant le manche (il faut que la poêle puisse passer au four).

Couper les 6 oignons en quarts. Dans la poêle, les faire revenir dans de l'huile ou du beurre.

Ajouter le mélange de sucre, vinaigre balsamique, thym, sel et poivre. Faire mijoter quelques minutes.

Une fois que les oignons ont bien confit, ajouter le chèvre, puis recouvrir avec la pâte feuilletée.

Faire cuire au four 25 minutes à 180°C. Déguster chaud ou tiède.",,
antipasti,Antispasti,Kaki,Entrée,"Végétarien, Italie, Facile, Légumes",A FAIRE,40 minutes,"# Poivrons confits
3 poivrons
2 gousses d'ail
2 c.a.s. d'huile d'olive
1 c.a.s. de vinaigre balsamique
2 c.a.s. de câpres
# Mozzarella in carrozza
250g de mozzarella di buffala
4 tranches de pain de mie
2 oeufs
Farine
Chapelure
Sel/Poivre
Huile de friture","# Poivrons confits

Faire cuire les 3 poivrons 30 à 40 minutes à 180°C.

Refroidir et décoller, puis couper en lanières.

Concasser les 2 gousses d'ail, puis mélanger à l'huile d'olive et au vinaigre balsamique, et aux câpres.

# Mozzarella in carrozza

Couper les 250g de mozzarella en tranche fines. Faire sécher sur du papier absorbant.

Répartir sur les 4 tranches de pain de mie. Saler, couper en deux, puis refermer en pressant les bords.

Tremper dans la farine. Ensuite, passer deux fois les oeufs battus salés et poivrés et la chapelure.

Passer au réfrigirateur 30 minutes, puis faire frire 2-3 minutes dans de l'huile à 170°C.",,
creme-brulee,Crème brûlée,Kaki,Dessert,"Végétarien, Italie, Léger, Facile",A FAIRE,30 minutes,"# Pour 10 crèmes brûlées
10 jaunes d'oeufs
120g de sucre
1L de crème fleurette
2 gousses de vanille
Cassonade","Battre les 10 jaunes d'oeufs avec 60g de sucre.

Porter à ébullition 1L de crème fleurette avec 60g de sucre et les 2 gousses de vanille. Retirer dès ébullition.

Laisser refroidir 5 minutes, puis incorporer très doucement au mélange oeufs-sucre.

Disposer dans des coupelles (8mm d'épaisseur), et cuire au bain marie 40 minutes à 110°C.

Conserver au frigo. Avant de servir, recouvrir de cassonade et brûler au chalumeau.",,
pasta-zozzona,Pasta alla zozzona,Kaki,Plat,"Italie, Pâtes, Chaud, Légumes, Viande",A FAIRE,30 minutes,"120g de ganciale
50g de vin blanc
400g de tomates en boite
Peperoncino
120g de pecorino
4 oeufs
300g de Spaghetti","Faire revenir les 120g de ganciale.

Déglacer avec 50g de vin blanc. Ajouter ensuite les 400g de tomate et les peperoncini.

Cuire les pâtes, puis les ajouter à la sauce (conserver 1 louche d'eau de cuisson des pâtes).

Préparer puis ajouter le mélange carbonara: 3 jaunes d'oeufs et 1 oeuf entier, 120g de pecorino, du poivre, 1 louche d'eau de cuisson.

Bien mélanger et servir.",,
veloute-butternut,Velouté de Butternut,Méliné,Entrée,"Sain, Automne, Soupe, Réconfortant, Chaud, Léger, Légumes, Hiver",A FAIRE,30 minutes,"1 butternut
1 oignon
1 cube de bouillon de volaille
2 c.a.s. d'huile d'olive
1 c.a.s de crème fraîche
Noix de muscade
Cumin
Sel/Poivre","Tailler le butternut en lamelles. Ciseler l'oignon. Dorer l'oignon puis ajouter le butternut. Faire cuire pendant 10 minutes.

Plonger dans l'eau puis ajouter le bouillon, sel, la noix de muscade, le cumin. Faire mijoter 50 minutes.

Une fois que les légumes sont cuits, mixer et ajouter la crème fraîche.",,
paella,INC/Paëlla,Maxence,Plat,"Riz, Kiffeur, Poisson, Chaud, Été",A FAIRE,A FAIRE,A FAIRE,A FAIRE,"img/paella-1.jpg, img/paella-2.jpg, img/paella-3.jpg",img/paella-1_mini.jpg
pancakes,INC/Pancakes,Nadja,Dessert,"Végétarien, Brunch, Snack, Anglo-saxon, Chaud, Facile",A FAIRE,A FAIRE,A FAIRE,A FAIRE,"img/pancakes-1.jpg, img/pancakes-2.jpg, img/pancakes-3.jpg",img/pancakes-1_mini.jpg
tomates-mozzarella,INC/Tomates Mozzarella,Kaki,Plat,"Végétarien, Italie, Sain, Légumes, Léger, Salade, Fromage, Été, Facile, Froid",A FAIRE,A FAIRE,A FAIRE,A FAIRE,"img/tomates-mozza-3.jpg, img/tomates-mozza-1.jpg, img/tomates-mozza-2.jpg",img/tomates-mozza-3_mini.jpg
croque-monsieur,INC/Croque-monsieur,Méliné,Plat,"Sandwich, France, Viande, Chaud, Fromage, Été",A FAIRE,A FAIRE,A FAIRE,A FAIRE,"img/croque-monsieur-3.jpg, img/croque-monsieur-1.jpg, img/croque-monsieur-2.jpg",img/croque-monsieur-3_mini.jpg
gateau-yaourt-pommes,INC/Gâteau au yaourt aux pommes,Méliné,Dessert,"Végétarien, Gâteau, Goûter, Réconfortant, Automne, Fruits",A FAIRE,A FAIRE,A FAIRE,A FAIRE,"img/gateau-yaourt-pommes-2.jpg, img/gateau-yaourt-pommes-1.jpg, img/gateau-yaourt-pommes-3.jpg",img/gateau-yaourt-pommes-2_mini.jpg
cookies,INC/Cookies,Maxence,Dessert,"Anglo-saxon, Goûter, Réconfortant, Facile, Chocolat, Hiver",A FAIRE,A FAIRE,A FAIRE,A FAIRE,"img/cookies-1.jpg, img/cookies-2.jpg, img/cookies-3.jpg",img/cookies-1_mini.jpg
layer-cake-fruits-rouges,INC/Layer cake aux fruits rouges,Maxence,Dessert,"Anglo-saxon, Anniversaire, Kiffeur, Gâteau, Froid, Fruits, Printemps, Compliqué",A FAIRE,A FAIRE,A FAIRE,A FAIRE,"img/layer-cake-fruits-rouges-1.jpg, img/layer-cake-fruits-rouges-2.jpg, img/layer-cake-fruits-rouges-3.jpg",img/layer-cake-fruits-rouges-1_mini.jpg
buche-chocolat-macha,INC/Bûche chocolat macha,Nadja,Dessert,"Végétarien, Gâteau, Froid, Chocolat, Thé, Hiver",A FAIRE,A FAIRE,A FAIRE,A FAIRE,"img/buche-chocolat-macha-2.jpg, img/buche-chocolat-macha-1.jpg, img/buche-chocolat-macha-3.jpg",img/buche-chocolat-macha-2_mini.jpg
opera-chocolat-macha,INC/Opéra chocolat macha,Nadja,Dessert,"Kiffeur, Gâteau, Froid, Chocolat, Thé, Compliqué",A FAIRE,A FAIRE,A FAIRE,A FAIRE,,
charlemagne,INC/Charlemagne,Méliné,Dessert,"France, Gâteau, Chocolat",A FAIRE,A FAIRE,A FAIRE,A FAIRE,"img/charlemagne-1.jpg, img/charlemagne-2.jpg, img/charlemagne-3.jpg",img/charlemagne-1_mini.jpg
tarte-tatin-tomates,INC/Tarte tatin à la tomate,Maxence,Entrée,"Végétarien, Tarte, Légumes, Facile",A FAIRE,A FAIRE,A FAIRE,A FAIRE,"img/tarte-tatin-tomate-3.jpg, img/tarte-tatin-tomate-1.jpg, img/tarte-tatin-tomate-2.jpg",img/tarte-tatin-tomate-3_mini.jpg
cake-ultime-citron,INC/Cake ultime au citron,Carla,Dessert,"Kiffeur, Gâteau, Goûter, Printemps, Fruits","Cake validé par l'ensemble des collègues. Devenu un classique de réunion d'équipe.
C'est citronné, c'est moelleux, il ny aura pas de reste.  ",Le temps qu'il faut,"200g de sucre
120g de beurre fondu
Le zeste d'un citron jaune
165g de jaune d'oeuf (garde les blancs pour faire des financiers)
150g de farine
80g de jus de citron
1/2 cc de levure chimique

Glaçage :
25g de jus de citron ou un peu plus
130g de sucre glace","# Cake
Verser le sucre dans un bol avec le beurre fondu et le zeste d'un citron. Mélanger sans fouetter. 
Ajouter 165g de jaune d'oeuf puis la farine, la levure et le jus de citron.

Verser la pâte dans 2 petits moules à cake 160*80mm légèrement beurré (ou un grand).
Cuire 30 à 40 min (pour les petits moules, pour le grand, il faudra adapter) à 170°C.

Démouler sur une grille. Emballer le immédiatement dans du film alimentaire. 

# Glaçage
Mélanger le sucre glace avec le jus de citron.

Quand le cake est froid,le déballer et verser le glaçage dessus. Lisser.

Remettre au four 8 min à 100°C pour le faire sécher. ","img/cake-ultime-citron-1.jpg, img/cake-ultime-citron-2.jpg, img/cake-ultime-citron-3.jpg, img/cake-ultime-citron-4.jpg",img/cake-ultime-citron-1_mini.jpg
taboule,INC/Taboulé,Maxence,Entrée,"Moyen-Orient, Végétarien, Vegan, Facile, Froid, Léger, Légumes",A FAIRE,A FAIRE,A FAIRE,A FAIRE,"img/taboule-1.jpg, img/taboule-2.jpg, img/taboule-3.jpg",img/taboule-1_mini.jpg
tarte-fraises,INC/Tarte aux fraises,Méliné,Dessert,"Végétarien, Tarte, Bretagne, Froid, Fruits, Anniversaire",A FAIRE,A FAIRE,A FAIRE,A FAIRE,"img/tarte-fraises-1.jpg, img/tarte-fraises-2.jpg, img/tarte-fraises-3.jpg",img/tarte-fraises-1_mini.jpg
flammekueche,INC/Flammekueches,Kaki,Plat,"Été, Facile, Chaud, Réconfortant, Viande",A FAIRE,A FAIRE,A FAIRE,A FAIRE,"img/flammekueche-2.jpg, img/flammekueche-1.jpg, img/flammekueche-3.jpg",img/flammekueche-2_mini.jpg
assassin,INC/Assassin,Carla,Dessert,"Kiffeur, Gâteau, Chocolat, Automne",A FAIRE,A FAIRE,A FAIRE,A FAIRE,"img/assassin-1.jpg, img/assassin-2.jpg, img/assassin-3.jpg",img/assassin-2_mini.jpg
buche-glacee-framboises,INC/Bûche glacée à la framboise,Nadja,Dessert,"Hiver, Froid, Fruits, Chocolat, Gâteau",A FAIRE,A FAIRE,A FAIRE,A FAIRE,"img/buche-glacee-framboises-1.jpg, img/buche-glacee-framboises-2.jpg, img/buche-glacee-framboises-3.jpg",img/buche-glacee-framboises-3_mini.jpg
buche-tiramisu,INC/Bûche glacée tiramisu,Nadja,Dessert,"Hiver, Café, Chocolat, Froid, Gâteau",A FAIRE,A FAIRE,A FAIRE,A FAIRE,"img/buche-tiramisu-1.jpg, img/buche-tiramisu-2.jpg, img/buche-tiramisu-3.jpg",img/buche-tiramisu-2_mini.jpg
gateau-araignee,INC/Gâteau Araignée,Méliné,Dessert,"Café, Automne, Gâteau, Stylé",A FAIRE,A FAIRE,A FAIRE,A FAIRE,"img/gateau-araignee-1.jpg, img/gateau-araignee-2.jpg, img/gateau-araignee-3.jpg",img/gateau-araignee-2_mini.jpg
macarons-chocolats,INC/Macarons au chocolat,Méliné,Dessert,"Gâteau, Froid, Chocolat, Compliqué, France",A FAIRE,A FAIRE,A FAIRE,A FAIRE,img/macarons-chocolats-1.jpg,img/macarons-chocolats-1_mini.jpg
macarons-citron,INC/Macarons au citron,Méliné,Dessert,"Gâteau, France, Froid, Compliqué, Fruits",A FAIRE,A FAIRE,A FAIRE,A FAIRE,"img/macarons-citron-1.jpg, img/macarons-citron-2.jpg",img/macarons-citron-2_mini.jpg
poutine,INC/Poutine,Kaki,Plat,"Kiffeur, Anglo-saxon, Viande, Fast Food, Chaud, Hiver",A FAIRE,A FAIRE,A FAIRE,A FAIRE,"img/poutine-1.jpg, img/poutine-2.jpg, img/poutine-3.jpg",img/poutine-3_mini.jpg
riz-lezgumes,INC/Riz aux légumes,Maxence,Plat,"Étudiant, Vegan, Végétarien, Légumes, Chaud, Facile, Riz",A FAIRE,A FAIRE,A FAIRE,A FAIRE,"img/riz-lezgumes-1.jpg, img/riz-lezgumes-2.jpg, img/riz-lezgumes-3.jpg",img/riz-lezgumes-1_mini.jpg
saucisse-portobellos,INC/Saucisses aux portobellos,Maxence,Plat,"Viande, Étudiant, Facile, Chaud, Réconfortant",A FAIRE,A FAIRE,A FAIRE,A FAIRE,"img/saucisse-portobellos-1.jpg, img/saucisse-portobellos-2.jpg, img/saucisse-portobellos-3.jpg",img/saucisse-portobellos-1_mini.jpg
saumon-echalottes,INC/Saumon aux échalottes,Méliné,Plat,"Poisson, Chaud, Facile, Léger",A FAIRE,A FAIRE,A FAIRE,A FAIRE,"img/saumon-echalottes-1.jpg, img/saumon-echalottes-2.jpg, img/saumon-echalottes-3.jpg",img/saumon-echalottes-1_mini.jpg
saumon-kiwi,INC/Saumon au kiwi et aux pommes,Maxence,Plat,"Anniversaire, Poisson, Légumes, Stylé, Chaud",A FAIRE,A FAIRE,A FAIRE,A FAIRE,"img/saumon-kiwi-1.jpg, img/saumon-kiwi-2.jpg, img/saumon-kiwi-3.jpg, img/saumon-kiwi-4.jpg",img/saumon-kiwi-4_mini.jpg
truffes-chocolat,Truffes au chocolat,Ilia,Dessert,"Froid, Chocolat, Été, Facile, Végétarien, Goûter",Ambiance goûter noël.,20 minutes,"170g de crème liquide entière
200g de chocolat noir
30g de beurre salé
Cacao en poudre non sucré","Faire bouillir la crème liquide dans une petite casserole.

Casser le chocolat en morceaux dans un saladier et le chauffer un peu.

Verser en 3 fois la crème bouillante sur le chocolat en mélangeant avec une maryse thermo-résistante. Ensuite, si le tout n'est pas fondu, le passer un peu au micro-ondes et mélanger à nouveau.

Ajouter le beurre à la préparation et bien mélanger.

Laisser reposer 45 minutes au frigo.

Faire des petites boules à partir de la préparation, puis les rouler dans le cacao avant de les remettre au frigo.",,
curry,INC/Curry,Kaki,Plat,"Anniversaire, Viande, Riz, Chaud",A FAIRE,A FAIRE,A FAIRE,A FAIRE,,
courgettes-farcies,INC/Courgettes farcies,Kaki,Plat,"Riz, Légumes, Viande, Chaud",A FAIRE,A FAIRE,A FAIRE,A FAIRE,,
lasagnes,INC/Lasagnes,Kaki,Plat,"Chaud, Réconfortant, Pâtes, Viande, Italie",A FAIRE,A FAIRE,A FAIRE,A FAIRE,,
gratin-de-pates,INC/Grâtin de pâtes,Kaki,Plat,"Kiffeur, Pâtes, Viande, Réconfortant, Chaud, Facile, Étudiant",A FAIRE,A FAIRE,A FAIRE,A FAIRE,,
crepes-sarrasin,INC/Crêpes au sarrasin,Kaki,Plat,"Bretagne, Facile, Réconfortant",A FAIRE,A FAIRE,A FAIRE,A FAIRE,,
crepes-froment,INC/Crêpes au froment,Kaki,Dessert,"Bretagne, Facile, Réconfortant, Brunch",A FAIRE,A FAIRE,A FAIRE,A FAIRE,,
gateau-chocolat-petite,INC/Gâteau au chocolat de Petite,Méliné,Dessert,"Réconfortant, Chocolat, Gâteau, Végétarien",A FAIRE,A FAIRE,A FAIRE,A FAIRE,,
poulet-persil-parmesan,INC/Poulet au persil et parmesan,Maxence,Plat,"Viande, Facile, Chaud, France",A FAIRE,A FAIRE,A FAIRE,A FAIRE,,
roti-boeuf-italienne,INC/Rôti de boeuf à l'italienne,Kaki,Plat,"Viande, Italie, Chaud, Printemps",A FAIRE,A FAIRE,A FAIRE,A FAIRE,,
bar-en-papillotte,INC/Bar en papillotte,Kaki,Plat,"Poisson, Chaud, Stylé",A FAIRE,A FAIRE,A FAIRE,A FAIRE,,
pain-kebab,INC/Pain à kebab,Kaki,Autre,"Végétarien, Vegan, Moyen-Orient, Facile",A FAIRE,A FAIRE,A FAIRE,A FAIRE,,
galettes-pommes-de-terre,INC/Galettes de pommes de terre,Nadja,Plat,"Végétarien, Vegan, Chaud",A FAIRE,A FAIRE,A FAIRE,A FAIRE,,
gnocchi-butternut,INC/Gnocchi de butternut,Kaki,Plat,"Vegan, Végétarien, Italie, Chaud",A FAIRE,A FAIRE,A FAIRE,A FAIRE,,
quasi-veau,INC/Quasi de veau,Kaki,Plat,"Viande, Chaud, France",A FAIRE,A FAIRE,A FAIRE,A FAIRE,,
panna-cotta,INC/Panna cotta,Kaki,Dessert,"Froid, Italie, Fromage, Fruits",A FAIRE,A FAIRE,A FAIRE,A FAIRE,,
boeuf-bourguignon,INC/Boeuf bourguignon,Kaki,Plat,"Viande, France, Chaud, Facile",A FAIRE,A FAIRE,A FAIRE,A FAIRE,,
boeuf-stroganoff,INC/Boeuf stroganoff,Kaki,Plat,"Viande, Chaud, Réconfortant",A FAIRE,A FAIRE,A FAIRE,A FAIRE,,
cookies-flocons-avoine,INC/Cookies aux flocons d'avoine,Méliné,Dessert,"Réconfortant, Léger, Chocolat, Goûter, Anglo-saxon",A FAIRE,A FAIRE,A FAIRE,A FAIRE,,
tourte-viande,Tourte à la viande,Maxence,Plat,"Tarte, Anglo-saxon, Viande, Légumes, Réconfortant, Chaud, Automne","Très bonne tourte, mais faut mettre vla des épices.",2 heures,"1 pâte feuilletée
# Pâte brisée
300g de farine
150g de beurre
80g de lait
1 pincée de sel
# Farce
400g de champignons
3 carottes moyennes
3 échalottes
3 oignons
220g de petits pois
800g de boeuf haché
100g de poitrine fumée en tranches
Vin blanc sec
Gingembre (jus ou en poudre)
Bouillon de veau
400g de crème fraîche
100g de beurre
Curry, Cumin, Épices à colombo, Poivre, Herbes","# Pâte brisée

Mélanger les 300g de farine et la pincée de sel. Incorporer ensuite les 150g de beurre du bout des doigts, jusqu'à obtenir une sorte de sable.

Incorporer petit à petit le lait à la pâte jusqu'à obtenir une boule. Ensuite, réserver au frigo.

# Farce

Couper les 3 oignons et 3 échalottes en fines tranches, puis les faire revenir dans une grande poële.

Ajouter les 400g de champignons et les 3 carottes, couvrir, et laisser cuire à feu plus doux. 

Retirer le couverte et augmenter le feu au bout d'une dizaine de minutes. Ajouter les 100g de poitrine fumée et faire griller un peu.

Déglacer avec le vin blanc sec. Ajouter ensuite la crème fraîche, le gingembre, le bouillon de veau et les épices. Bien mélanger pour avoir une sauce homogène et faire réduire.

Ajouter ensuite les 220g de petits pois et les 800g de boeuf haché. Faire cuire quelques minutes en mélangeant bien, puis retirer du feu. Faire préchauffer le four à 190°C.

# Assemblage

Étaler la pâte brisée dans un moule à tarte plutôt haut. Ajouter ensuite la farce. Par dessus, étaler la pâte feuilletée, en la mélangeant bien sur les bords à la pâte brisée pour éviter qu'elle ne se détache.

Faire cuire 40 minutes à 190°C.","img/meat-pie-1.jpg, img/meat-pie-2.jpg, img/meat-pie-3.jpg",img/meat-pie-1.jpg
tarte-pommes,INC/Tarte aux pommes,Maxence,Dessert,"Tarte, Fruits, Facile",A FAIRE,40 minutes,A FAIRE,A FAIRE,"img/tarte-pommes-2.jpg, img/tarte-pommes-1.jpg, img/tarte-pommes-3.jpg",img/tarte-pommes-2.jpg
crumble-pommes-myrtilles,INC/Crumble Pommes Myrtilles,Maxence,Dessert,"Gâteau, Goûter, Chaud, Fruits",A FAIRE,40 minutes,A FAIRE,A FAIRE,"img/crumble-pommes-myrtilles-2.jpg, img/crumble-pommes-myrtilles-1.jpg, img/crumble-pommes-myrtilles-3.jpg",img/crumble-pommes-myrtilles-2.jpg
parmentier-canard,INC/Parmentier de Canard,Maxence,Plat,"Chaud, Hiver, Facile, France, Viande, Pommes de terre","Meilleur que le hachis parmentier normal, pas forcément très léger par contre.",1 heure,A FAIRE,A FAIRE,"img/parmentier-canard-1.jpg, img/parmentier-canard-2.jpg, img/parmentier-canard-3.jpg",img/parmentier-canard-1.jpg
cheesecake-double-citrons,Cheesecake double citron,Maxence,Dessert,"Végétarien, Kiffeur, Gâteau, Goûter, Froid, Réconfortant, Fromage, Automne, Fruits, Anglo-saxon","Chargé en citron, mais ça se compense avec plein de coulis tkt.",1 heure,"# Coulis de framboises
600g de framboises congelées
110g de sucre
3 c.a.s. d'eau
# Crème au citron
Jus et zeste de 2 citrons
1 oeuf
50g de sucre en poudre
65g de beurre doux
# Croûte sablée au citron
100g de sablé pur beurre
100g de Spéculoos
60g de beurre mou
# Appareil au fromage frais
600g de Philadelphia
60g de sucre
3 c.a.s. de farine
1 pincée de sel
Jus d'1 citron
Zeste de 3 citrons
2 oeufs
50g de crème fleurette","# Coulis de framboises

Dans une casserole, mettre les framboises, le sucre en poudre et l'eau. Faire chauffer à feu doux pendant 10 minutes (jusqu'à ébullition) tout en mélangeant.

Retirer du feu et laisser refroidir. Mixer la préparation, la passer au tamis, puis stocker au frais.

# Crème au citron

Dans un bol, fouetter l'oeuf et les 50g de sucre jusqu'à ce que le mélange mousse. Faire fondre les 65g de beurre doux dans une petite casserole, ajouter le jus et le zeste de citron, et porter à frémissement.

Verser le contenu du bol en fouettant, puis éteindre le feu, remuer pendant 1 minute et verser dans un bol. Laisser refroidir tranquillemen.

# Croûte sablée

Préchauffer le four à 180°C. Réduire les biscuits en poudre, puis mélanger avec le beurre.

Tasser le tout dans un moule de 20cm de diamètre, et faire cuire pendant 10 minutes, puis sortir du four.

# Appareil au fromage frais

Baisser le thermostat à 150°C. Battre légèrement le fromage frais pour le lisser, puis tout en battant, ajouter graduellement les 60g de sucre, les 3 c.a.s. de farine, le jus et zeste de citron, les oeufs et la crème fleurette.

Verser le tout sur la croûte de biscuit. Faire cuire le gâteau pendant 40 minutes.

À la fin de la cuisson, éteindre le four et laisser refroidir avec la porte du four entrouverte. Une fois le cheesecake refroidi, verser la crème au citron sur la surface du gâteau. Mettre au frigo une nuit avant de déguster.","img/cheesecake-citron-1.jpg, img/cheesecake-citron-2.jpg, img/cheesecake-citron-3.jpg",img/cheesecake-citron-1.jpg
aerien-mangue,Aérien à la mangue,Maxence,Dessert,"Végétarien, Gâteau, Snack, Froid, Fruits",Gâteau léger à la crème et à la mangue (qu'on peut remplacer par d'autres fruits).,40 minutes,"# Génoise
4 oeufs
125g de sucre glace
125g de farine
1/2 sachet levure chimique
# Crème chantilly
50cl de crème fleurette
150g sucre glace
125g philadelphia
1-2 gousses de vanille
# Garniture
500g de mangue (ou autres fruits)","# Génoise

Préparer les ingrédients à l'avance (mélanger la farine et la levure, séparer les blancs des jaunes, peser le sucre glace). Préchauffer le four à 180°C.

Battre les blancs en neige avec une pincée de sel. Quand ils sont fermes, ajouter le sucre et battre encore. Baisser ensuite la vitesse du batteur et ajouter les 4 jaunes d'un coup. Ajouter ensuite la farine et levure en pluie.

Arrêter rapidement de battre pour que la préparation ne puisse pas retomber, verser dans un moule (25cm de diamètre), et enfourner 20 mniutes à 180°C. Une fois prête, laisser reposer la génoise au frais.

# Crème chantilly

Mettre un saladier et un fouet au réfrigirateur pendant 30 minutes. Préparer les grains de vanille (ne pas utiliser de vanille liquide).

Battre la crème fleurette pendant quelques minutes, jusqu'à ce qu'elle se rafermisse. Ajouter ensuite le sucre glace et les grains de vanille et continuer à battre. 

Ajouter le philadelphia et continuer à battre pour épaissir la crème. Laisser ensuite reposer au réfrigirateur.

# Montage

Couper la génoise en deux. Laisser la partie supérieure sur le côté.

Mélanger les mangues coupées en petits cubes avec la crème, puis étaler le tout sur la génoise.

Poser la partie supérieure de la génoise sur la crème et laisser le tout reposer au réfrigirateur.",,
comete-noix-chocolat,Comète Noix Chocolat,Lou,Dessert,"Végétarien, Kiffeur, Gâteau, Froid, Compliqué, Chocolat, Stylé, Hiver, Noix",Très très bon mais faut poser un rtt pour le faire. On l'a fait au nouvel an :),5 heures,"# Brownie
90g de beurre doux
70g de beurre salé
210g de sucre
100g de cacao non sucré
2 c.a.c. vanille liquide
2 gros oeufs
60g de farine
120g de noix
# Craquant gianduja
250g de sucre glace
250g de noisettes
120g de chocolat
Crêpes dentelles
# Mousse au chocolat
200g de chocolat corsé
75g de sucre
3 jaunes d'oeufs
30cl de crème liquide entière
50g de cacao non sucré
# Décoration
150g de chocolat noir
Cacao en poudre non sucré","# Brownie

Préchauffer le four à 165°C.

Faire fondre le beurre dans une casserole à feu moyen. Griller légèrement pour obtenir un beurre noisette.

Mélanger le cacao et le sucre, puis les ajouter à la casserole hors du feu, et mélanger vivement avec un fouet. Ajouter ensuite l'extrait de vanille liquide.

Mélanger vivement puis laisser refroidir 5 minutes. Ajouter ensuite les oeufs un par un tout en mélangeant à chaque fois. Quand le mélange est lisse, ajouter la farine d'un coup et mélanger.

Ajouter les noix hachées, puis verser la préparation dans un moule carré de 22cm de côté (on doit avoir un brownie de quelques centimètres d'épaisseur).

Cuire à 165°C pendant 25 minutes, puis laisser reposer à température ambiente.

# Craquant Gianduja

Torréfier les noisettes au four (200°C pendant 10 minutes), puis les éplucher avec un torchon propre.

Verser les noisettes dans un robot (ou mixeur très puissant) Thermomix en utilisant l'embout lame dentée aux bords relevés. Ajouter ensuite le sucre glace, puis mixer fort et longtemps (5-10 minutes à vitesse 12). À la fin du temps, une pâte de praliné devrait être obtenue.

Faire fondre le chocolat, puis l'ajouter au praliné. Briser des crêpes dentelles en morceaux et les ajouter au mélange.

Étaler le tout sur le brownie, puis laisser prendre 45 minutes au réfrigirateur.

# Mousse au chocolat

Réaliser un sirop dans une casserole en portant à ébullition le sucre et 2 c.a.s. d'eau. Faire épaissir le sirop 2 minutes.

Fouetter les jaunes d'oeuf dans un bol, tout en versant dessus le sirop en filet pour obtenir un mélange clair et mousseux.

Ajouter le chocolat fondu et le cacao à la préparation en fouettant bien, puis laisser le tout baisser à température ambiente.

Foutter la crème liquide jusqu'à ce qu'elle soit bien ferme, puis ajouter le mélange chocolaté. Fouetter jusqu'à obtenir une préparation bien lisse.

Ajouter la mousse sur le gâteau et laisser prendre au moins 4 heures au réfrigirateur.

Pour la décoration, faire fondre du chocolat, puis l'étaler dans 2 moules en forme de demi-sphères, et sur du papier guitare disposé dans un moule à bûche. Une fois le chocolat refroidi, former une sphère avec les 2 demi-sphères (on peut mettre les restes du gateau dedans), et briser le chocolat sur le papier guitare en petits morceaux. Saupoudrer la mousse au chocolat de cacao non sucré. Poser ensuite la sphère au milieu du gateau, et disposer les éclats de chocolat autour.","img/comete-noix-chocolat-1.jpg, img/comete-noix-chocolat-2.jpg
",img/comete-noix-chocolat-1.jpg
,Verrine Asperge Mascarpone,Carla,Entrée,"Anniversaire, Apéro, Réconfortant, Facile, Stylé",Ca fait genre c'est classe alors que c'est ultra simple. ,15 minutes,"500g d'asperges en bocal
250g de mascarpone
1 pot d'oeuf de lump
1 oeuf
Sel; poivre","Cuire un oeuf dur
Mixer les asperges avec le mascarpone, puis y incorporer l'oeuf
Saler, poivrer 
Remplir les verrines avec le mélange. 
Déposer sur le dessus des oeufs de lump.",,
,Tarte au citron meringuée,Carla,Dessert,"Anniversaire, Tarte, France, Été, Automne, Hiver, Printemps, Stylé","La meringue est non négociable. Si tu veux une recette sans meringue, il y en a une sur le site. ",,,,,
,Cheesecake,Carla,Dessert,,,,,,,
,Sablés aux noisettes,Carla,Autre,"Gâteau, Goûter, Facile",C'est juste bon. Le secret c'est la fleur de sel. C'est pas facultatif. ,,,,,
,Pancakes américains,Carla,Autre,Brunch,Le classique de Vitry le week-end,,"6/7 pancakes:
170g de farine
50g de sucre
1 sachet de levure chimique
1 pincée de sel
1 oeuf
1cc de vanille liquide
190ml de lait
30g de beurre fondu ","Dans un saladier, mélanger la farine, le sel, le sucre, et la levure. 
Dans un bol, battre l'oeuf, ajouter la vanille, le lait et le beurre fondu. bien mélanger. 
Verser la moitié de ce mélange dans le saladier contenant les ingrédients secs. Remuer.
Ajouter le reste des ingrédients liquides et mélanger à nouveau jusqu'à ce que la farine soit incorporée.

Le mélange doit être encore grumeleux. Laisser reposer 15 min. 

Dans une poele chaude (feu moyen / doux) avec un peu de beurre, verser une petute louche de pâte. Laiseer cuire jusqu'à l'apparition de petites bulles à la surface puis retourner les panacakes. Laisser cuire encore 1 ou 2 minutes. 

Servir chaud ",,
,Panna Cotta à la française,Carla,Dessert,"France, Fruits, Italie, Facile","Oui je sais c'est pas l'original, mais pour ceux qui n'aiment pas le goût des oeufs c'est cool et en plus c'est plus rapide à faire.
La recette avec les oeufs est sur le site. ",,"50cl de crème liquide
3 feuilles de gélatine
50g de sucre
1 gousse de vanille

Coulis
500g de framboise
50g d'eau
100g de sucre","# Panna Cotta
Faire tremper la gélatine dans l'eau froide 10 min.
Faire chauffer la crème liquide avec le sucre et la vanille
Retirer du feu et ajouter la gélatine essorée
Verser dans des verrines/pots et faire prendre au froid

# Coulis de fruits rouge
Faire bouillir doucement l'ensemble des ingrédients. 
Passer au chinois

Verser le coulis sur la Panna Cotta",,
,Foccacia,Carla,Autre,"Kiffeur, Italie",,,,,,
,Pain de mie,Carla,Autre,France,"Depuis que j'ai commencé à en faire, je suis apparemment obligé d'en faire tous les week-end. ",Long (un peu mais en vrai ça va),"500g de farine T45
20g de sucre
10g de sel
20g de levure fraiche
20 cl de lait tiède
10 cl d'eau
50g de beurre fondu","Verser la farine dans la cuve du robot. Ajouter le sucre, et le sel. Mélanger. 
Faire tiédir le lait (25°C / 30°C)
Ajouter la levure emiettée,verser le lait et l'eau. 
Ajouter le beurre fondu et pétrir à petite vitesse pour que l'ensemble soit amalgamé.

Augmenter la vitesse (4 sur mon robot, pour toi je peux pas savoir). et pétrir entre 10 et 15 min.
La pâte doit se décoller des parois. 

Mettre la pâte en boule dans un saladier, recouvert dans un torchon propre. Tu fais monter 30min moi perso je pose le saladier sur mon radiateur, tu peux ausi le mettre dans ton four à 30°C, ou tu trouves ta technique, tu as compris le pincipe. 

Au bout de 30 min, dégazer la pâte, la disposer en long en la rabattant sur elle-même pour lui donner du corps. Faire un boudin, et placer dans un moule à cake graissé (en vrai un moule à pain de mie c'est mieux parce qu'il y a un couvercle). Couvrir le moule et faire pousser 45 min.

Enfourner dans un moule à 220°C et baisser à 180°C. Cuire 45 minutes. Attention le moule doit être couvert dans le four sinon ca va déborder un peu et surtout la texture sera un peu différente.

Une fois cuit et refroidi, tu coupes en tranches, et tu congèles. Ca se décongèle parfaitement au grill pain. ",,
,Brioche moelleuse et filante,Carla,Autre,France,,,,,,
,Gaufres liégroises,Carla,Autre,"Kiffeur, Réconfortant, Brunch, Goûter",Bon en vrai c'est la recette de Manuel mais bon il n' est pas belge donc est-ce qu'on peut vraiment mettre son nom? Toujours est-il que les graufres sont bonnes.,,,,,
,Gâteau aux pommes mascarpone,Carla,Dessert,"Goûter, Fruits, Automne, Réconfortant",C'est réconfortant pour le goûter avec un thé bien chaud. Il manque juste le feu dans la cheminée. ,,"3 pommes
3 oeufs 
100g de sucre
250g de mascarpone
150g de farine
1 sachet de levure chimique","Blanchir les jaunes oeufs avec le sucre. Ajouter le mascarpone.
Ajouter la farine et la levure. Mélanger. 
Monter les blancs en neige et les intégrer délicatment à la préparation.
Verser dans un moule. 
Peler les pommes, les couper en 6 et les répartir sur la pâte. 

Cuire 30 min à 180°C
Soupoudrer de sucre glace une fois tiède.",,
,Tarte au chocolat,Carla,Dessert,"Facile, Anniversaire, Tarte, Chocolat, Kiffeur",Le chocolat c'est la vie,"20 min de préparation 
20 min de cuisson 
3h au frais","Pâte sucrée : 
140g de beurre
100g de sucre
200g de farine
50g de poudre d'amande
1 oeuf 
1cc de vanille liquide

Ganache chocolat : 
200g de chocolat 
20 cl de crème liquide","#  Pâte sucrée
Blanchir le beurre avec le sucre
Ajouter l'oeuf et la vanille
Ajouter la farine et la poudre d'amande
Bien mélanger

Laisser reposer dans du film alimentaire au frigo pendant une heure. La pâte peut être congelée.

Etaler la pâte à la main dans un moule à tarte. Faire cuire le fond de tarte à blanc.

#Ganache au chocolat
Faire chauffer la crème. 
Couper le chocolat en morceaux
Verser le crème chaude sur le chocolat en trois fois. 
Bien mélanger. 

# Montage
Verser la ganache au chocolat sur le fond de tarte refroidi. Laisser refroidir au frigo au moins deux heures avant dégustation. ",,
,Tarte fine aux pommes,Carla,Dessert,"Réconfortant, Tarte, Végétarien, Automne, Facile",,,"1 pâte feuilletéee
4 pommes
200g de compotes de pommes maison dé préférence (4 pommes?)
40g de beurre
30g de sucre
1 sachet de sucre vanillé","Eplucher, évider et couper les pommes en tranches. 
Etaler la compote sur le fond de tarte piqué
Ranger les pommes en les faisant se chevaucher, et en commençant par l'extérieur
Faire fondre le beurre puis y ajouter le sucre
Badigeonner les pommes du mélanges beurre sucre
Parsemer de sucre vanillé. 
Enfourner la tarte 35 min en bas du four à 210°C",,
,Financiers,Carla,Autre,"Goûter, Facile","L'avantage, c'est que ça permet d'utiliser les blancs d'oeufs dont tu ne sais pas quoi faire, suurtout si t'aimes pas la meringue. 
Les blancs d'oeufs ça se congèle très bien. Donc normalement, tu as toujours de quoi faire des financiers. Sinon, pose toi des questions. ",15 min,"4 blancs d'oeufs
140g de sucre glace
120g de poudre d'amande
45 g de farine
170g de farine
sel","Faire un beurre noisette. Laisser refroidir.
Mélanger le sucre et la poudre d'amande. Ajouter la farine. 
Ajouter les blancs d'oeufs, puis le beurre noisette.

Homogénéiser la pâte et la mettre au frais 1h (sauf si t'as la flemme)
Versez dans des moules à financiers. 
Cuire 20 min à 180°C.
Démouler dès la sortie du four et laisser refroidir sur une grille. 
C'est beaucoup moins bon le lendemain donc la solution c'est de tout manger. Au pire, conserver dans une boite en métal. ",,
,Petis pots de crème au chocolat ,Carla,Dessert,"Chocolat, Froid",Comme la laitière,,"3 jaunes d'oeufs (garde les blancs pour des financiers)
120g de chocolat
150 ml de crème liquide entière
150 ml de lait
30g de sucre","Porter le lait et la crème à ébullition
Blanchir les jaunes avec le sucre
Lorsque le mélange lait/crème commence à bouillir, le verser sur le mélange oeuf/sucre et bien mélanger.
Reverser l'ensemble dans la casserole et chauffer à feu moyen jusqu'à obtenir la ocnsistance d'une crème anglaise. 
Verser cette crème en trois fois sur le chocolat.
Mixer. 
Verser la préparation dans de petits pots en verre et filmer.",,
,Tarte rustique poivrons pesto et Mozzarella ,Carla,Plat,"Végétarien, Tarte, Sans gluten, Facile, Léger, Fromage",,,"Pâte : 
250g de farine d'épeautre
110g de beurre salé froid (si si la Bretagne)
5cl d'eau

Garniture: 
4 poivrons rouges
2 oignons
2 Cspe de Pesto vert
125g de mozzarella
Mélange d'épices italiennes (je te jure ça existe à Leclerc)",,,
,"Cannellonis au brocolis, truite fumée et ricotta",Carla,Plat,"Italie, Pâtes, Fromage",,,,,,
,Chausson aux pommes et camembert,Carla,Plat,"Végétarien, Chaud, Réconfortant, Fromage","La pomme, le camembert, mariage classique. Le classique c'est rassurant. Avec une salade pour le midi ça passe tout seul.",,,,,
,Courgettes pimentées à la crème de féta,Carla,Plat,"Végétarien, Légumes, Fromage",,,,,,
,Soupe de haricots blancs,Carla,Plat,"Réconfortant, Hiver",,,,,,
,Salade d'aubergines,Carla,Plat,"Salade, Légumes, Été","Franchement c'est bon. L'été, avec un barbecue ça fait le job. Pour le moment 100% validé, sauf si tu aimes pas les aubergines mais bon dans ces cas là on ne peut plus rien pour toi. ",,,,,
,Pain écureuil,Carla,Autre,"Sain, Végétarien",C'est pour te motiver à faire du sport ou rester dans le déni que parfois tu manges des choses bonnes pour la santé. ,,,,,
,Pain à la poêle,Carla,Autre,"Végétarien, Réconfortant, Chaud",C'est au poil,,,,,
,Brioche feuilletée,Carla,Autre,"Kiffeur, Goûter, Brunch",,,,,,
,Doowap,Carla,Autre,"Brunch, Goûter, Chocolat",,,,,,
,Crêpes : la recette ultime,Carla,Autre,"Bretagne, Brunch, Goûter, Facile",,,,,,
,Pâte à tartiner chocolat,Carla,Autre,"Kiffeur, Chocolat, Facile",C'est meilleur que le nutella mais pas moins gras. ,10 min,"150g de chocolat noir
400 ml de lait concentré sucré
125g de beurre mou
1 sachet de sucre vanillé","Faire fondre le chocolat avec le lait concentré et le sucre vanillé. 
Ajouter hors du feu le beurre coupé en morceaux. 

Laisser tiédir et verser dans des pots à confiture. Conserver au frais",,
,Pâte à tartiner spéculoos,Carla,Autre,"Kiffeur, Facile",Ca change du chocolat sur les crêpes.,10 min,"250g de spéculoos
200 ml de lait concentré non sucré
1Cspe de miel
1/ CC de cannelle en poudre (facultatif)","Mixer les spéculoos
Chauffer le lait concentré et le miel. Ajouter la cannelle. 
Ajouter ce mélange aux spéculoos et mixer de nouveau. 
Verser dans des pots à confiture et conserver au frais",,
,Cinnamon Rolls,Carla,Autre,"Goûter, Brunch, Kiffeur",,,,,,
,Caramel au beurre salé à tartiner,Carla,Autre,"Kiffeur, Facile","Le caramel ça se mange avec tout, surtout les crêpes.",Pas très longtemps sauf si tu dois tout recommencer,"200g de sucre
80g de beurre demi-sel
40 cl de crème liquide entière","Faire chauffer le sucre dans une casserole sans remuer jusquà ce qu'il caramélise. S'il brûle c'est trop tard, il faut tout jeter. C'est dommage. 

Ajouter petit à petit le beurre puis la crème en remuant vivement. 

Une fois homogène, poursuivre la cuisson 5 minutes et retirer du feu. 

Conserver dans des pots à confitures au frigo.
",,
,Viennoiseries,Kaki,Autre,Goûter,,,,,img/viennoiseries-1.jpg,img/viennoiseries-1.jpg
sushis-et-makis,Sushis & Makis,Lou,Plat,"Froid, Riz",Tellement moins cher qu'en magasin... Penser à avoir une natte de bambou pour la préparation.,1h30,"# Riz à sushi
400g de riz à sushi
590mL d'eau
80mL de vinaigre à riz
3 c.a.s. de sucre
1 c.a.c. de sel
# Accompagnement
Sauce soja salée/sucrée
Pâte de wasabi
Gari (gingembre mariné)
# Garniture (au choix)
Feuilles de nori
Saumon frais, fumé, rôti
Thon frais, fumé, rôti
Rilletes de thon mayonnaise
Crevettes
Crabe
Poulet
Avocats
Carottes
Concombre
Mangue
Prune
Fromage frais
Oignons frits
Spicy mayo
Graines de sésame","# Riz à sushi

À faire au moins 12h avant. Rincer le riz à sushi sous l'eau froide. Égoutter et laisser reposer 10 minutes dans une passoire.

Verser le riz et l'eau dans une csserole, porter à ébullition à feu vif, puis réduire à feu doux, couvrir, et faire cuire jusqu'à ce que l'eau soit absorbée (environ 15 minutes). Retirer ensuite la casserole du feu et laisser reposer le riz couvert pendant 10 minutes.

Dans une petite casserole, faire chauffer à feu très doux le vinaigre de riz, le sucre et le sel en mélangeant jusqu'à avoir un mélange homogène, puis retirer du feu et laisser refroidir.

Transférer le riz dans un grand plat et verser la préparation de vinaigre dessus. Mélanger délicatement en évitant d'écraser les grains de riz. 

Couvrir et laisser reposer au frais pendant au moins 12h.

# Préparation des sushis

Préparer un bol d'eau pour s'humidifier les doigts, le riz à sushi, un plat, les garnitures choisies, les feuilles de nori et la natte de bambou. Couper les feuilles de nori en deux au ciseau pour des makis standards.

POUR LES MAKIS: Poser une feuille de nori côté brillant sur la natte de bambou. Étaler environ 5mm de riz sur la feuille, en laissant en rebord de deux centimètres sur un des côtés larges de la feuille. Ajouter la garniture sur le riz, puis rouler pour former un cylindre. On peut ajouter quelques grains de riz sur le rebord pour que le tout colle bien. Découper ensuite le cylindre en petites rondelles pour faire les makis.

POUR LES SUSHIS: Prendre un peu de riz et le presser dans la paume de sa main pour qu'il prenne la forme du sushi. Ajouter la garniture par dessus.

Servir frais avec des coupelles de sauce soja.","img/sushi-1.jpg, img/sushi-2.jpg
, img/sushi-3.jpg
",img/sushi-1.jpg
paupiettes-porc-chou-fleur-grille,Paupiettes de porc et chou-fleur grillé au four,Kaki,Plat,"France, Sain, Légumes, Viande, Printemps, Chaud",À peu près sain pour un truc fait par papa. ,45 minutes,"# Paupiettes de porc à la cocotte
Paupiettes de porc (4-6)
2 Oignons
3 Échalottes
Vin blanc
Alcool de prune
Eau 
2 c.a.s. de moutarde 
2/3 bouillon de légumes
# Chou-fleur grillé
1 chou fleur
Paprika fumé
Cumin
Ras el hanout ","# Chou-fleur grillé

Couper le chou-fleur en tranches dans le sens de la hauteur, puis mettre dans un plat au four.

Mélanger de l'huile avec du paprika fumé, cumin, ras el hanout, sel et poivre, puis arroser le chou-fleur. Faire cuire au four à 180°C à chaleur tournante pendant 35 minutes.

# Paupiettes de porc

Faire revenir paupiettes dans l'huile. Baisser et ajouter oignons et échalottes. Faire revenir a feu doux. Ajouter 2 grosses c.a.s. de moutarde.

Déglacer avec de l'eau, du vin blanc et l'alcool de prune. Ajouter ensuite le bouillon de légumes. 

Ensuite, faire cuire dans une cocotte minute 15 minutes à partir du bruit de pshitt. 

Servir avec plein de sauce.","img/paupiette-chou-fleur-1.jpg, img/paupiette-chou-fleur-2.jpg, img/paupiette-chou-fleur-1.jpg",img/paupiette-chou-fleur-1.jpg
cuisse-dinde-legumes,Cuisse de dinde aux légumes,Kaki,Plat,"Kiffeur, Légumes, Viande, Chaud, Hiver","Le fameux plat de Noël, mais pour une fois, la crème fraîche est en option.",1h20,,,"img/cuisse-dinde-legumes-1.jpg, img/cuisse-dinde-legumes-2.jpg, img/cuisse-dinde-legumes-3.jpg",img/cuisse-dinde-legumes-1.jpg
